{"v":"5.7.4","fr":29.9700012207031,"ip":0,"op":300.00001221925,"w":1080,"h":1080,"nm":"Mobile OTP","ddd":0,"assets":[{"id":"comp_0","layers":[{"ddd":0,"ind":1,"ty":4,"nm":"Shape Layer 3","sr":1,"ks":{"o":{"a":0,"k":100,"ix":11},"r":{"a":0,"k":0,"ix":10},"p":{"a":1,"k":[{"i":{"x":0.833,"y":0.833},"o":{"x":0.679,"y":0.679},"t":0,"s":[391,251,0],"to":[0,0,0],"ti":[0,0,0]},{"i":{"x":0.833,"y":0.833},"o":{"x":0.679,"y":0.679},"t":9,"s":[391,251,0],"to":[0,0,0],"ti":[0,0,0]},{"i":{"x":0.346,"y":1},"o":{"x":0.679,"y":0},"t":29,"s":[391,251,0],"to":[0,0,0],"ti":[0,0,0]},{"i":{"x":0.557,"y":0.841},"o":{"x":0.792,"y":0},"t":39,"s":[391,131,0],"to":[0,0,0],"ti":[0,0,0]},{"i":{"x":0.591,"y":0.993},"o":{"x":0.265,"y":0.108},"t":47,"s":[391,284.885,0],"to":[0,0,0],"ti":[0,0,0]},{"t":49.0000019958109,"s":[391,251,0]}],"ix":2,"x":"var $bm_rt;\n$bm_rt = loopOut('cycle', 0);","l":2},"a":{"a":0,"k":[-143,19,0],"ix":1,"l":2},"s":{"a":0,"k":[100,100,100],"ix":6,"l":2}},"ao":0,"shapes":[{"ty":"gr","it":[{"d":1,"ty":"el","s":{"a":0,"k":[56,56],"ix":2},"p":{"a":0,"k":[0,0],"ix":3},"nm":"Ellipse Path 1","mn":"ADBE Vector Shape - Ellipse","hd":false},{"ty":"fl","c":{"a":0,"k":[0.960784313725,0.960784313725,0.960784313725,1],"ix":4},"o":{"a":0,"k":100,"ix":5},"r":1,"bm":0,"nm":"Fill 1","mn":"ADBE Vector Graphic - Fill","hd":false},{"ty":"tr","p":{"a":0,"k":[-144,18],"ix":2},"a":{"a":0,"k":[0,0],"ix":1},"s":{"a":0,"k":[147.024,147.024],"ix":3},"r":{"a":0,"k":0,"ix":6},"o":{"a":0,"k":100,"ix":7},"sk":{"a":0,"k":0,"ix":4},"sa":{"a":0,"k":0,"ix":5},"nm":"Transform"}],"nm":"Ellipse 1","np":3,"cix":2,"bm":0,"ix":1,"mn":"ADBE Vector Group","hd":false}],"ip":0,"op":318.000012952406,"st":0,"bm":0},{"ddd":0,"ind":2,"ty":4,"nm":"Shape Layer 2","sr":1,"ks":{"o":{"a":0,"k":100,"ix":11},"r":{"a":0,"k":0,"ix":10},"p":{"a":1,"k":[{"i":{"x":0.833,"y":0.833},"o":{"x":0.777,"y":0.777},"t":0,"s":[249,251,0],"to":[0,0,0],"ti":[0,0,0]},{"i":{"x":0.833,"y":0.833},"o":{"x":0.777,"y":0.777},"t":9,"s":[249,251,0],"to":[0,0,0],"ti":[0,0,0]},{"i":{"x":0.42,"y":1},"o":{"x":0.777,"y":0},"t":19,"s":[249,251,0],"to":[0,-20,0],"ti":[0,0,0]},{"i":{"x":0.564,"y":0.846},"o":{"x":0.818,"y":0},"t":29,"s":[249,131,0],"to":[0,0,0],"ti":[0,-28.532,0]},{"i":{"x":0.588,"y":1},"o":{"x":0.263,"y":0.103},"t":37,"s":[249,285.358,0],"to":[0,2.266,0],"ti":[0,-1.471,0]},{"i":{"x":0.833,"y":1},"o":{"x":0.167,"y":0},"t":39,"s":[249,251,0],"to":[0,20,0],"ti":[0,0,0]},{"t":49.0000019958109,"s":[249,251,0]}],"ix":2,"x":"var $bm_rt;\n$bm_rt = loopOut('cycle', 0);","l":2},"a":{"a":0,"k":[-143,19,0],"ix":1,"l":2},"s":{"a":0,"k":[100,100,100],"ix":6,"l":2}},"ao":0,"shapes":[{"ty":"gr","it":[{"d":1,"ty":"el","s":{"a":0,"k":[56,56],"ix":2},"p":{"a":0,"k":[0,0],"ix":3},"nm":"Ellipse Path 1","mn":"ADBE Vector Shape - Ellipse","hd":false},{"ty":"fl","c":{"a":0,"k":[0.960784313725,0.960784313725,0.960784313725,1],"ix":4},"o":{"a":0,"k":100,"ix":5},"r":1,"bm":0,"nm":"Fill 1","mn":"ADBE Vector Graphic - Fill","hd":false},{"ty":"tr","p":{"a":0,"k":[-144,18],"ix":2},"a":{"a":0,"k":[0,0],"ix":1},"s":{"a":0,"k":[147.024,147.024],"ix":3},"r":{"a":0,"k":0,"ix":6},"o":{"a":0,"k":100,"ix":7},"sk":{"a":0,"k":0,"ix":4},"sa":{"a":0,"k":0,"ix":5},"nm":"Transform"}],"nm":"Ellipse 1","np":3,"cix":2,"bm":0,"ix":1,"mn":"ADBE Vector Group","hd":false}],"ip":0,"op":318.000012952406,"st":0,"bm":0},{"ddd":0,"ind":3,"ty":4,"nm":"Shape Layer 1","sr":1,"ks":{"o":{"a":0,"k":100,"ix":11},"r":{"a":0,"k":0,"ix":10},"p":{"a":1,"k":[{"i":{"x":0.833,"y":0.833},"o":{"x":0.753,"y":0.753},"t":0,"s":[106,252,0],"to":[0,0,0],"ti":[0,0,0]},{"i":{"x":0.371,"y":1},"o":{"x":0.753,"y":0},"t":9,"s":[106,252,0],"to":[0,-20,0],"ti":[0,0,0]},{"i":{"x":0.633,"y":0.821},"o":{"x":0.855,"y":0},"t":19,"s":[106,132,0],"to":[0,0,0],"ti":[0,-30.768,0]},{"i":{"x":0.574,"y":0.983},"o":{"x":0.252,"y":0.144},"t":27,"s":[106,283.796,0],"to":[0,3.413,0],"ti":[0,-1.997,0]},{"i":{"x":0.667,"y":1},"o":{"x":0.167,"y":0},"t":29,"s":[106,252,0],"to":[0,20,0],"ti":[0,0,0]},{"t":49.0000019958109,"s":[106,252,0]}],"ix":2,"x":"var $bm_rt;\n$bm_rt = loopOut('cycle', 0);","l":2},"a":{"a":0,"k":[-144,20,0],"ix":1,"l":2},"s":{"a":0,"k":[100,100,100],"ix":6,"l":2}},"ao":0,"shapes":[{"ty":"gr","it":[{"d":1,"ty":"el","s":{"a":0,"k":[56,56],"ix":2},"p":{"a":0,"k":[0,0],"ix":3},"nm":"Ellipse Path 1","mn":"ADBE Vector Shape - Ellipse","hd":false},{"ty":"fl","c":{"a":0,"k":[0.960784313725,0.960784313725,0.960784313725,1],"ix":4},"o":{"a":0,"k":100,"ix":5},"r":1,"bm":0,"nm":"Fill 1","mn":"ADBE Vector Graphic - Fill","hd":false},{"ty":"tr","p":{"a":0,"k":[-144,18],"ix":2},"a":{"a":0,"k":[0,0],"ix":1},"s":{"a":0,"k":[147.024,147.024],"ix":3},"r":{"a":0,"k":0,"ix":6},"o":{"a":0,"k":100,"ix":7},"sk":{"a":0,"k":0,"ix":4},"sa":{"a":0,"k":0,"ix":5},"nm":"Transform"}],"nm":"Ellipse 1","np":3,"cix":2,"bm":0,"ix":1,"mn":"ADBE Vector Group","hd":false}],"ip":0,"op":318.000012952406,"st":0,"bm":0}]}],"layers":[{"ddd":0,"ind":1,"ty":0,"nm":"Comp 1","parent":4,"refId":"comp_0","sr":1,"ks":{"o":{"a":0,"k":100,"ix":11},"r":{"a":0,"k":0,"ix":10},"p":{"a":0,"k":[2027.972,1552.448,0],"ix":2,"l":2},"a":{"a":0,"k":[250,250,0],"ix":1,"l":2},"s":{"a":0,"k":[151.049,151.049,100],"ix":6,"l":2}},"ao":0,"w":500,"h":500,"ip":0,"op":300.00001221925,"st":0,"bm":0},{"ddd":0,"ind":2,"ty":4,"nm":"Shape Layer 2","parent":4,"sr":1,"ks":{"o":{"a":0,"k":100,"ix":11},"r":{"a":0,"k":0,"ix":10},"p":{"a":0,"k":[1964.962,2061.189,0],"ix":2,"l":2},"a":{"a":0,"k":[0,0,0],"ix":1,"l":2},"s":{"a":0,"k":[349.65,349.65,100],"ix":6,"l":2}},"ao":0,"shapes":[{"ty":"gr","it":[{"ind":0,"ty":"sh","ix":1,"ks":{"a":0,"k":{"i":[[0,0],[0,0],[0,0]],"o":[[0,0],[0,0],[0,0]],"v":[[-113.25,-105],[-113.25,-59.25],[-70.125,-103]],"c":false},"ix":2},"nm":"Path 1","mn":"ADBE Vector Shape - Group","hd":false},{"ty":"fl","c":{"a":0,"k":[0.172549019608,0.18431372549,0.192156877705,1],"ix":4},"o":{"a":0,"k":100,"ix":5},"r":1,"bm":0,"nm":"Fill 1","mn":"ADBE Vector Graphic - Fill","hd":false},{"ty":"tr","p":{"a":0,"k":[0,0],"ix":2},"a":{"a":0,"k":[0,0],"ix":1},"s":{"a":0,"k":[100,100],"ix":3},"r":{"a":0,"k":0,"ix":6},"o":{"a":0,"k":100,"ix":7},"sk":{"a":0,"k":0,"ix":4},"sa":{"a":0,"k":0,"ix":5},"nm":"Transform"}],"nm":"Shape 1","np":3,"cix":2,"bm":0,"ix":1,"mn":"ADBE Vector Group","hd":false}],"ip":0,"op":305.000012422905,"st":0,"bm":0},{"ddd":0,"ind":3,"ty":4,"nm":"Shape Layer 1","parent":4,"sr":1,"ks":{"o":{"a":0,"k":100,"ix":11},"r":{"a":0,"k":0,"ix":10},"p":{"a":0,"k":[2003.497,2000,0],"ix":2,"l":2},"a":{"a":0,"k":[7,-114,0],"ix":1,"l":2},"s":{"a":0,"k":[349.65,349.65,100],"ix":6,"l":2}},"ao":0,"shapes":[{"ty":"gr","it":[{"ty":"rc","d":1,"s":{"a":0,"k":[194,72],"ix":2},"p":{"a":0,"k":[0,0],"ix":3},"r":{"a":0,"k":0,"ix":4},"nm":"Rectangle Path 1","mn":"ADBE Vector Shape - Rect","hd":false},{"ty":"fl","c":{"a":0,"k":[0.172549019608,0.18431372549,0.192156877705,1],"ix":4},"o":{"a":0,"k":100,"ix":5},"r":1,"bm":0,"nm":"Fill 1","mn":"ADBE Vector Graphic - Fill","hd":false},{"ty":"tr","p":{"a":0,"k":[6,-242],"ix":2},"a":{"a":0,"k":[0,0],"ix":1},"s":{"a":0,"k":[127.083,133.333],"ix":3},"r":{"a":0,"k":0,"ix":6},"o":{"a":0,"k":100,"ix":7},"sk":{"a":0,"k":0,"ix":4},"sa":{"a":0,"k":0,"ix":5},"nm":"Transform"}],"nm":"Rectangle 1","np":3,"cix":2,"bm":0,"ix":1,"mn":"ADBE Vector Group","hd":false}],"ip":0,"op":305.000012422905,"st":0,"bm":0},{"ddd":0,"ind":4,"ty":4,"nm":"shutterstock_1557939092 Outlines","sr":1,"ks":{"o":{"a":0,"k":100,"ix":11},"r":{"a":1,"k":[{"i":{"x":[0.667],"y":[1]},"o":{"x":[0.666],"y":[0]},"t":0,"s":[-111]},{"i":{"x":[0.515],"y":[0.798]},"o":{"x":[0.289],"y":[0.1]},"t":15,"s":[13]},{"t":22.0000008960784,"s":[0]}],"ix":10},"p":{"a":1,"k":[{"i":{"x":0.667,"y":1},"o":{"x":0.666,"y":0},"t":0,"s":[465.295,1288,0],"to":[0,0,0],"ti":[0,0,0]},{"i":{"x":0.515,"y":1},"o":{"x":0.289,"y":0},"t":15,"s":[385.295,1208,0],"to":[0,0,0],"ti":[0,0,0]},{"t":22.0000008960784,"s":[345.295,1208,0]}],"ix":2,"l":2},"a":{"a":0,"k":[1319.214,4000,0],"ix":1,"l":2},"s":{"a":0,"k":[28.6,28.6,100],"ix":6,"l":2}},"ao":0,"shapes":[{"ty":"gr","it":[{"ind":0,"ty":"sh","ix":1,"ks":{"a":0,"k":{"i":[[6.63,0],[0,0],[0,6.627],[-6.63,0],[0,0],[0,-6.628]],"o":[[0,0],[-6.63,0],[0,-6.628],[0,0],[6.63,0],[0,6.627]],"v":[[36.245,12],[-36.245,12],[-48.245,0],[-36.245,-12],[36.245,-12],[48.245,0]],"c":true},"ix":2},"nm":"Path 1","mn":"ADBE Vector Shape - Group","hd":false},{"ty":"fl","c":{"a":0,"k":[0.988461961933,0.831200393976,0.824693687289,1],"ix":4},"o":{"a":0,"k":100,"ix":5},"r":1,"bm":0,"nm":"Fill 1","mn":"ADBE Vector Graphic - Fill","hd":false},{"ty":"tr","p":{"a":0,"k":[2650.055,914.061],"ix":2},"a":{"a":0,"k":[0,0],"ix":1},"s":{"a":0,"k":[100,100],"ix":3},"r":{"a":0,"k":0,"ix":6},"o":{"a":0,"k":100,"ix":7},"sk":{"a":0,"k":0,"ix":4},"sa":{"a":0,"k":0,"ix":5},"nm":"Transform"}],"nm":"Group 1","np":2,"cix":2,"bm":0,"ix":1,"mn":"ADBE Vector Group","hd":false},{"ty":"gr","it":[{"ind":0,"ty":"sh","ix":1,"ks":{"a":0,"k":{"i":[[3.07,0],[2.35,2.344],[-4.68,4.686],[0,0],[-3.07,0],[-2.34,-2.343],[4.69,-4.686],[0,0]],"o":[[-3.07,0],[-4.68,-4.686],[0,0],[2.35,-2.343],[3.07,0],[4.69,4.687],[0,0],[-2.34,2.344]],"v":[[-25.63,37.63],[-34.12,34.115],[-34.12,17.145],[17.14,-34.117],[25.63,-37.63],[34.11,-34.117],[34.11,-17.145],[-17.15,34.115]],"c":true},"ix":2},"nm":"Path 1","mn":"ADBE Vector Shape - Group","hd":false},{"ty":"fl","c":{"a":0,"k":[0.988461961933,0.831200393976,0.824693687289,1],"ix":4},"o":{"a":0,"k":100,"ix":5},"r":1,"bm":0,"nm":"Fill 1","mn":"ADBE Vector Graphic - Fill","hd":false},{"ty":"tr","p":{"a":0,"k":[2606.04,811.533],"ix":2},"a":{"a":0,"k":[0,0],"ix":1},"s":{"a":0,"k":[100,100],"ix":3},"r":{"a":0,"k":0,"ix":6},"o":{"a":0,"k":100,"ix":7},"sk":{"a":0,"k":0,"ix":4},"sa":{"a":0,"k":0,"ix":5},"nm":"Transform"}],"nm":"Group 2","np":2,"cix":2,"bm":0,"ix":2,"mn":"ADBE Vector Group","hd":false},{"ty":"gr","it":[{"ind":0,"ty":"sh","ix":1,"ks":{"a":0,"k":{"i":[[6.63,0],[0,6.627],[0,0],[-6.63,0],[0,-6.628],[0,0]],"o":[[-6.63,0],[0,0],[0,-6.628],[6.63,0],[0,0],[0,6.627]],"v":[[0,48.247],[-12,36.247],[-12,-36.247],[0,-48.247],[12,-36.247],[12,36.247]],"c":true},"ix":2},"nm":"Path 1","mn":"ADBE Vector Shape - Group","hd":false},{"ty":"fl","c":{"a":0,"k":[0.988461961933,0.831200393976,0.824693687289,1],"ix":4},"o":{"a":0,"k":100,"ix":5},"r":1,"bm":0,"nm":"Fill 1","mn":"ADBE Vector Graphic - Fill","hd":false},{"ty":"tr","p":{"a":0,"k":[2502.13,765.274],"ix":2},"a":{"a":0,"k":[0,0],"ix":1},"s":{"a":0,"k":[100,100],"ix":3},"r":{"a":0,"k":0,"ix":6},"o":{"a":0,"k":100,"ix":7},"sk":{"a":0,"k":0,"ix":4},"sa":{"a":0,"k":0,"ix":5},"nm":"Transform"}],"nm":"Group 3","np":2,"cix":2,"bm":0,"ix":3,"mn":"ADBE Vector Group","hd":false},{"ty":"gr","it":[{"ind":0,"ty":"sh","ix":1,"ks":{"a":0,"k":{"i":[[32.47,-36.66],[0,0],[36.66,32.46],[0,0],[-32.46,36.66],[0,0],[-36.66,-32.47],[0,0]],"o":[[0,0],[-32.47,36.66],[0,0],[-36.66,-32.47],[0,0],[32.46,-36.66],[0,0],[36.66,32.46]],"v":[[116.94,31.255],[45.16,112.305],[-80.01,119.905],[-109.35,93.915],[-116.95,-31.255],[-45.16,-112.305],[80,-119.895],[109.35,-93.905]],"c":true},"ix":2},"nm":"Path 1","mn":"ADBE Vector Shape - Group","hd":false},{"ty":"fl","c":{"a":0,"k":[0.985147932464,0.873728793275,0.729115145814,1],"ix":4},"o":{"a":0,"k":100,"ix":5},"r":1,"bm":0,"nm":"Fill 1","mn":"ADBE Vector Graphic - Fill","hd":false},{"ty":"tr","p":{"a":0,"k":[2534.62,2567.045],"ix":2},"a":{"a":0,"k":[0,0],"ix":1},"s":{"a":0,"k":[100,100],"ix":3},"r":{"a":0,"k":0,"ix":6},"o":{"a":0,"k":100,"ix":7},"sk":{"a":0,"k":0,"ix":4},"sa":{"a":0,"k":0,"ix":5},"nm":"Transform"}],"nm":"Group 4","np":2,"cix":2,"bm":0,"ix":4,"mn":"ADBE Vector Group","hd":false},{"ty":"gr","it":[{"ind":0,"ty":"sh","ix":1,"ks":{"a":0,"k":{"i":[[39.77,-44.9],[0,0],[44.89,39.76],[0,0],[-39.77,44.89],[0,0],[-44.9,-39.76],[0,0]],"o":[[0,0],[-39.76,44.9],[0,0],[-44.9,-39.76],[0,0],[39.77,-44.9],[0,0],[44.9,39.77]],"v":[[136.39,9.79],[26.2,134.21],[-127.09,143.51],[-127.09,143.51],[-136.39,-9.78],[-26.2,-134.21],[127.1,-143.51],[127.1,-143.51]],"c":true},"ix":2},"nm":"Path 1","mn":"ADBE Vector Shape - Group","hd":false},{"ty":"fl","c":{"a":0,"k":[0.985147932464,0.873728793275,0.729115145814,1],"ix":4},"o":{"a":0,"k":100,"ix":5},"r":1,"bm":0,"nm":"Fill 1","mn":"ADBE Vector Graphic - Fill","hd":false},{"ty":"tr","p":{"a":0,"k":[2545.05,2261.48],"ix":2},"a":{"a":0,"k":[0,0],"ix":1},"s":{"a":0,"k":[100,100],"ix":3},"r":{"a":0,"k":0,"ix":6},"o":{"a":0,"k":100,"ix":7},"sk":{"a":0,"k":0,"ix":4},"sa":{"a":0,"k":0,"ix":5},"nm":"Transform"}],"nm":"Group 5","np":2,"cix":2,"bm":0,"ix":5,"mn":"ADBE Vector Group","hd":false},{"ty":"gr","it":[{"ind":0,"ty":"sh","ix":1,"ks":{"a":0,"k":{"i":[[39.77,-44.9],[0,0],[44.89,39.77],[-39.77,44.89],[0,0],[-44.9,-39.76],[0,0]],"o":[[0,0],[-39.76,44.9],[-44.9,-39.76],[0,0],[39.77,-44.9],[0,0],[44.9,39.76]],"v":[[136.39,9.785],[26.2,134.205],[-127.09,143.505],[-136.39,-9.785],[-26.2,-134.215],[127.1,-143.515],[127.1,-143.505]],"c":true},"ix":2},"nm":"Path 1","mn":"ADBE Vector Shape - Group","hd":false},{"ty":"fl","c":{"a":0,"k":[0.985147932464,0.873728793275,0.729115145814,1],"ix":4},"o":{"a":0,"k":100,"ix":5},"r":1,"bm":0,"nm":"Fill 1","mn":"ADBE Vector Graphic - Fill","hd":false},{"ty":"tr","p":{"a":0,"k":[2545.05,1945.715],"ix":2},"a":{"a":0,"k":[0,0],"ix":1},"s":{"a":0,"k":[100,100],"ix":3},"r":{"a":0,"k":0,"ix":6},"o":{"a":0,"k":100,"ix":7},"sk":{"a":0,"k":0,"ix":4},"sa":{"a":0,"k":0,"ix":5},"nm":"Transform"}],"nm":"Group 6","np":2,"cix":2,"bm":0,"ix":6,"mn":"ADBE Vector Group","hd":false},{"ty":"gr","it":[{"ind":0,"ty":"sh","ix":1,"ks":{"a":0,"k":{"i":[[8,0],[0,0],[0,8.008],[0,0],[-8.01,0],[0,0],[0,-8.008],[0,0]],"o":[[0,0],[-8.01,0],[0,0],[0,-8.008],[0,0],[8,0],[0,0],[0,8.008]],"v":[[88.35,17.509],[-88.35,17.509],[-102.85,3.009],[-102.85,-3.009],[-88.35,-17.509],[88.35,-17.509],[102.85,-3.009],[102.85,3.009]],"c":true},"ix":2},"nm":"Path 1","mn":"ADBE Vector Shape - Group","hd":false},{"ty":"fl","c":{"a":0,"k":[0.398656747855,0.511505545822,0.576954561121,1],"ix":4},"o":{"a":0,"k":100,"ix":5},"r":1,"bm":0,"nm":"Fill 1","mn":"ADBE Vector Graphic - Fill","hd":false},{"ty":"tr","p":{"a":0,"k":[2007.65,943.508],"ix":2},"a":{"a":0,"k":[0,0],"ix":1},"s":{"a":0,"k":[100,100],"ix":3},"r":{"a":0,"k":0,"ix":6},"o":{"a":0,"k":100,"ix":7},"sk":{"a":0,"k":0,"ix":4},"sa":{"a":0,"k":0,"ix":5},"nm":"Transform"}],"nm":"Group 7","np":2,"cix":2,"bm":0,"ix":7,"mn":"ADBE Vector Group","hd":false},{"ty":"gr","it":[{"ind":0,"ty":"sh","ix":1,"ks":{"a":0,"k":{"i":[[16.17,0],[0,0],[0,16.169],[0,0],[0,0],[0,0],[0,0],[0,0]],"o":[[0,0],[-16.17,0],[0,0],[0,0],[0,0],[0,0],[0,0],[0,16.169]],"v":[[217.55,52.526],[-217.54,52.526],[-246.82,23.249],[-246.82,-46.315],[-246.82,-52.526],[246.82,-52.526],[246.82,-46.315],[246.82,23.249]],"c":true},"ix":2},"nm":"Path 1","mn":"ADBE Vector Shape - Group","hd":false},{"ind":1,"ty":"sh","ix":2,"ks":{"a":0,"k":{"i":[[0,0],[0,-8.008],[0,0],[-8.01,0],[0,0],[0,8.008],[0,0],[8,0]],"o":[[-8.01,0],[0,0],[0,8.008],[0,0],[8,0],[0,0],[0,-8.008],[0,0]],"v":[[-86.76,-31.065],[-101.26,-16.565],[-101.26,-10.547],[-86.76,3.953],[89.94,3.953],[104.44,-10.547],[104.44,-16.565],[89.94,-31.065]],"c":true},"ix":2},"nm":"Path 2","mn":"ADBE Vector Shape - Group","hd":false},{"ty":"mm","mm":1,"nm":"Merge Paths 1","mn":"ADBE Vector Filter - Merge","hd":false},{"ty":"fl","c":{"a":0,"k":[0.172549019608,0.18431372549,0.192156877705,1],"ix":4},"o":{"a":0,"k":100,"ix":5},"r":1,"bm":0,"nm":"Fill 1","mn":"ADBE Vector Graphic - Fill","hd":false},{"ty":"tr","p":{"a":0,"k":[2006.06,957.064],"ix":2},"a":{"a":0,"k":[0,0],"ix":1},"s":{"a":0,"k":[100,100],"ix":3},"r":{"a":0,"k":0,"ix":6},"o":{"a":0,"k":100,"ix":7},"sk":{"a":0,"k":0,"ix":4},"sa":{"a":0,"k":0,"ix":5},"nm":"Transform"}],"nm":"Group 8","np":4,"cix":2,"bm":0,"ix":8,"mn":"ADBE Vector Group","hd":false},{"ty":"gr","it":[{"ind":0,"ty":"sh","ix":1,"ks":{"a":0,"k":{"i":[[0,0],[0,0],[0,23.9],[0,0],[-36.74,0],[0,0],[0,0],[-16.17,0],[0,0],[0,16.169],[0,0],[0,0]],"o":[[0,0],[-23.9,0],[0,0],[0,-36.747],[0,0],[0,0],[0,16.169],[0,0],[16.17,0],[0,0],[0,0],[0,0]],"v":[[-283.99,979.936],[-373.48,979.936],[-416.76,936.656],[-416.76,-913.398],[-350.23,-979.936],[-159.78,-979.936],[-159.78,-910.372],[-130.5,-881.094],[304.59,-881.094],[333.86,-910.372],[333.86,-979.936],[416.76,-979.936]],"c":true},"ix":2},"nm":"Path 1","mn":"ADBE Vector Shape - Group","hd":false},{"ty":"fl","c":{"a":0,"k":[0.398656747855,0.511505545822,0.576954561121,1],"ix":4},"o":{"a":0,"k":100,"ix":5},"r":1,"bm":0,"nm":"Fill 1","mn":"ADBE Vector Graphic - Fill","hd":false},{"ty":"tr","p":{"a":0,"k":[1919.02,1890.685],"ix":2},"a":{"a":0,"k":[0,0],"ix":1},"s":{"a":0,"k":[100,100],"ix":3},"r":{"a":0,"k":0,"ix":6},"o":{"a":0,"k":100,"ix":7},"sk":{"a":0,"k":0,"ix":4},"sa":{"a":0,"k":0,"ix":5},"nm":"Transform"}],"nm":"Group 9","np":2,"cix":2,"bm":0,"ix":9,"mn":"ADBE Vector Group","hd":false},{"ty":"gr","it":[{"ind":0,"ty":"sh","ix":1,"ks":{"a":0,"k":{"i":[[0,0],[0,0],[0,53.02],[0,0],[-53.03,0],[0,0],[0,0],[0,0],[0,0],[0,0],[0,0],[0,0],[0,-36.747],[0,0],[-23.9,0],[0,0]],"o":[[0,0],[-53.03,0],[0,0],[0,-53.028],[0,0],[0,0],[0,0],[0,0],[0,0],[0,0],[0,0],[-36.74,0],[0,0],[0,23.9],[0,0],[0,0]],"v":[[-286.535,1025.685],[-350.925,1025.685],[-446.935,929.675],[-446.935,-929.668],[-350.925,-1025.685],[446.935,-1025.685],[430.575,-979.936],[347.675,-979.936],[347.675,-986.148],[-145.965,-986.148],[-145.965,-979.936],[-336.415,-979.936],[-402.945,-913.399],[-402.945,936.655],[-359.665,979.935],[-270.175,979.935]],"c":true},"ix":2},"nm":"Path 1","mn":"ADBE Vector Shape - Group","hd":false},{"ty":"fl","c":{"a":0,"k":[0.171961556229,0.184335820815,0.192156862745,1],"ix":4},"o":{"a":0,"k":100,"ix":5},"r":1,"bm":0,"nm":"Fill 1","mn":"ADBE Vector Graphic - Fill","hd":false},{"ty":"tr","p":{"a":0,"k":[1905.205,1890.685],"ix":2},"a":{"a":0,"k":[0,0],"ix":1},"s":{"a":0,"k":[100,100],"ix":3},"r":{"a":0,"k":0,"ix":6},"o":{"a":0,"k":100,"ix":7},"sk":{"a":0,"k":0,"ix":4},"sa":{"a":0,"k":0,"ix":5},"nm":"Transform"}],"nm":"Group 10","np":2,"cix":2,"bm":0,"ix":10,"mn":"ADBE Vector Group","hd":false},{"ty":"gr","it":[{"ind":0,"ty":"sh","ix":1,"ks":{"a":0,"k":{"i":[[8,0],[0,0],[0,8.008],[0,0],[-8.01,0],[0,0],[0,-8.008],[0,0]],"o":[[0,0],[-8.01,0],[0,0],[0,-8.008],[0,0],[8,0],[0,0],[0,8.008]],"v":[[88.35,17.509],[-88.35,17.509],[-102.85,3.009],[-102.85,-3.009],[-88.35,-17.509],[88.35,-17.509],[102.85,-3.009],[102.85,3.009]],"c":true},"ix":2},"nm":"Path 1","mn":"ADBE Vector Shape - Group","hd":false},{"ty":"fl","c":{"a":0,"k":[0.334986727845,0.462773760627,0.537491203757,1],"ix":4},"o":{"a":0,"k":100,"ix":5},"r":1,"bm":0,"nm":"Fill 1","mn":"ADBE Vector Graphic - Fill","hd":false},{"ty":"tr","p":{"a":0,"k":[2007.65,943.508],"ix":2},"a":{"a":0,"k":[0,0],"ix":1},"s":{"a":0,"k":[100,100],"ix":3},"r":{"a":0,"k":0,"ix":6},"o":{"a":0,"k":100,"ix":7},"sk":{"a":0,"k":0,"ix":4},"sa":{"a":0,"k":0,"ix":5},"nm":"Transform"}],"nm":"Group 11","np":2,"cix":2,"bm":0,"ix":11,"mn":"ADBE Vector Group","hd":false},{"ty":"gr","it":[{"ind":0,"ty":"sh","ix":1,"ks":{"a":0,"k":{"i":[[16.17,0],[0,0],[0,16.169],[0,0],[0,0],[0,0]],"o":[[0,0],[-16.17,0],[0,0],[0,0],[0,0],[0,16.169]],"v":[[217.55,52.526],[-217.54,52.526],[-246.82,23.249],[-246.82,-52.526],[246.82,-52.526],[246.82,23.249]],"c":true},"ix":2},"nm":"Path 1","mn":"ADBE Vector Shape - Group","hd":false},{"ty":"fl","c":{"a":0,"k":[0.223184488334,0.27108223111,0.298187196021,1],"ix":4},"o":{"a":0,"k":100,"ix":5},"r":1,"bm":0,"nm":"Fill 1","mn":"ADBE Vector Graphic - Fill","hd":false},{"ty":"tr","p":{"a":0,"k":[2006.06,957.064],"ix":2},"a":{"a":0,"k":[0,0],"ix":1},"s":{"a":0,"k":[100,100],"ix":3},"r":{"a":0,"k":0,"ix":6},"o":{"a":0,"k":100,"ix":7},"sk":{"a":0,"k":0,"ix":4},"sa":{"a":0,"k":0,"ix":5},"nm":"Transform"}],"nm":"Group 12","np":2,"cix":2,"bm":0,"ix":12,"mn":"ADBE Vector Group","hd":false},{"ty":"gr","it":[{"ind":0,"ty":"sh","ix":1,"ks":{"a":0,"k":{"i":[[23.91,0],[0,0],[0,23.9],[0,0],[-36.74,0],[0,0],[0,-23.906],[0,0]],"o":[[0,0],[-23.9,0],[0,0],[0,-36.747],[0,0],[23.91,0],[0,0],[0,23.9]],"v":[[460.515,979.936],[-460.525,979.936],[-503.805,936.656],[-503.805,-913.398],[-437.275,-979.936],[460.515,-979.936],[503.805,-936.648],[503.805,936.656]],"c":true},"ix":2},"nm":"Path 1","mn":"ADBE Vector Shape - Group","hd":false},{"ty":"fl","c":{"a":0,"k":[0.334986727845,0.462773760627,0.537491203757,1],"ix":4},"o":{"a":0,"k":100,"ix":5},"r":1,"bm":0,"nm":"Fill 1","mn":"ADBE Vector Graphic - Fill","hd":false},{"ty":"tr","p":{"a":0,"k":[2006.065,1890.685],"ix":2},"a":{"a":0,"k":[0,0],"ix":1},"s":{"a":0,"k":[100,100],"ix":3},"r":{"a":0,"k":0,"ix":6},"o":{"a":0,"k":100,"ix":7},"sk":{"a":0,"k":0,"ix":4},"sa":{"a":0,"k":0,"ix":5},"nm":"Transform"}],"nm":"Group 13","np":2,"cix":2,"bm":0,"ix":13,"mn":"ADBE Vector Group","hd":false},{"ty":"gr","it":[{"ind":0,"ty":"sh","ix":1,"ks":{"a":0,"k":{"i":[[53.02,0],[0,0],[0,53.02],[0,0],[-53.02,0],[0,0],[0,-53.02],[0,0]],"o":[[0,0],[-53.02,0],[0,0],[0,-53.02],[0,0],[53.02,0],[0,0],[0,53.02]],"v":[[451.86,1025.685],[-451.86,1025.685],[-547.86,929.685],[-547.86,-929.685],[-451.86,-1025.685],[451.86,-1025.685],[547.86,-929.685],[547.86,929.685]],"c":true},"ix":2},"nm":"Path 1","mn":"ADBE Vector Shape - Group","hd":false},{"ty":"fl","c":{"a":0,"k":[0.172549019608,0.18431372549,0.192156877705,1],"ix":4},"o":{"a":0,"k":100,"ix":5},"r":1,"bm":0,"nm":"Fill 1","mn":"ADBE Vector Graphic - Fill","hd":false},{"ty":"tr","p":{"a":0,"k":[2006.06,1890.685],"ix":2},"a":{"a":0,"k":[0,0],"ix":1},"s":{"a":0,"k":[100,100],"ix":3},"r":{"a":0,"k":0,"ix":6},"o":{"a":0,"k":100,"ix":7},"sk":{"a":0,"k":0,"ix":4},"sa":{"a":0,"k":0,"ix":5},"nm":"Transform"}],"nm":"Group 14","np":2,"cix":2,"bm":0,"ix":14,"mn":"ADBE Vector Group","hd":false},{"ty":"gr","it":[{"ind":0,"ty":"sh","ix":1,"ks":{"a":0,"k":{"i":[[39.77,-44.89],[0,0],[44.89,39.76],[0,0],[-39.77,44.9],[0,0],[-44.9,-39.77],[0,0]],"o":[[0,0],[-39.76,44.9],[0,0],[-44.9,-39.77],[0,0],[39.77,-44.9],[0,0],[44.9,39.76]],"v":[[136.39,9.785],[26.2,134.215],[-127.09,143.515],[-127.09,143.515],[-136.39,-9.785],[-26.2,-134.205],[127.1,-143.505],[127.1,-143.505]],"c":true},"ix":2},"nm":"Path 1","mn":"ADBE Vector Shape - Group","hd":false},{"ty":"fl","c":{"a":0,"k":[0.985147932464,0.873728793275,0.729115145814,1],"ix":4},"o":{"a":0,"k":100,"ix":5},"r":1,"bm":0,"nm":"Fill 1","mn":"ADBE Vector Graphic - Fill","hd":false},{"ty":"tr","p":{"a":0,"k":[2545.05,1618.085],"ix":2},"a":{"a":0,"k":[0,0],"ix":1},"s":{"a":0,"k":[100,100],"ix":3},"r":{"a":0,"k":0,"ix":6},"o":{"a":0,"k":100,"ix":7},"sk":{"a":0,"k":0,"ix":4},"sa":{"a":0,"k":0,"ix":5},"nm":"Transform"}],"nm":"Group 15","np":2,"cix":2,"bm":0,"ix":15,"mn":"ADBE Vector Group","hd":false},{"ty":"gr","it":[{"ind":0,"ty":"sh","ix":1,"ks":{"a":0,"k":{"i":[[0,0],[0,0],[-70.36,41.66],[-75.14,92.39],[116.63,-95.36],[74.49,-36.42],[59.07,-239.81]],"o":[[0,0],[61.13,-23.49],[166.32,-98.47],[-54.05,77.64],[-94.22,77.05],[-59.06,239.81],[0,0]],"v":[[-406.23,579.145],[-149.88,-173.955],[49.18,-270.235],[406.23,-579.145],[154.31,-306.855],[-105.58,-140.285],[-282.78,579.145]],"c":true},"ix":2},"nm":"Path 1","mn":"ADBE Vector Shape - Group","hd":false},{"ty":"fl","c":{"a":0,"k":[0.955790740368,0.803092627432,0.633087577072,1],"ix":4},"o":{"a":0,"k":100,"ix":5},"r":1,"bm":0,"nm":"Fill 1","mn":"ADBE Vector Graphic - Fill","hd":false},{"ty":"tr","p":{"a":0,"k":[2070.77,3420.855],"ix":2},"a":{"a":0,"k":[0,0],"ix":1},"s":{"a":0,"k":[100,100],"ix":3},"r":{"a":0,"k":0,"ix":6},"o":{"a":0,"k":100,"ix":7},"sk":{"a":0,"k":0,"ix":4},"sa":{"a":0,"k":0,"ix":5},"nm":"Transform"}],"nm":"Group 16","np":2,"cix":2,"bm":0,"ix":16,"mn":"ADBE Vector Group","hd":false},{"ty":"gr","it":[{"ind":0,"ty":"sh","ix":1,"ks":{"a":0,"k":{"i":[[0,0],[0,0],[-96.48,80.09],[-55.93,95.82],[359.91,278.79],[41.46,-21.63],[6.84,-13.58],[-4.27,-22.65],[-5.73,-41.33],[-0.6,-15.74],[25.78,-156.37],[-16.77,-60.23],[-19.46,-29.67],[11.81,-27.95],[0,0]],"o":[[0,0],[77.49,-37.53],[149.26,-123.87],[-359.91,-278.8],[-29.92,-57.13],[-16.01,8.36],[-10.36,20.59],[5.58,29.52],[14.97,107.79],[2.96,78.4],[-1.48,35.74],[16.5,59.27],[-11.82,27.96],[0,0],[0,0]],"v":[[81.509,1079.33],[258.709,359.9],[526.87,187.42],[825.75,-165.79],[-248.21,-992.94],[-388.661,-1057.7],[-421.97,-1022.39],[-430.98,-955.6],[-413.47,-848.6],[-394.56,-643.05],[-418.781,-285.7],[-401.651,-137.44],[-340.811,-3.36],[-376.25,80.51],[-825.75,1079.33]],"c":true},"ix":2},"nm":"Path 1","mn":"ADBE Vector Shape - Group","hd":false},{"ty":"fl","c":{"a":0,"k":[0.985147932464,0.873728793275,0.729115145814,1],"ix":4},"o":{"a":0,"k":100,"ix":5},"r":1,"bm":0,"nm":"Fill 1","mn":"ADBE Vector Graphic - Fill","hd":false},{"ty":"tr","p":{"a":0,"k":[1706.48,2920.67],"ix":2},"a":{"a":0,"k":[0,0],"ix":1},"s":{"a":0,"k":[100,100],"ix":3},"r":{"a":0,"k":0,"ix":6},"o":{"a":0,"k":100,"ix":7},"sk":{"a":0,"k":0,"ix":4},"sa":{"a":0,"k":0,"ix":5},"nm":"Transform"}],"nm":"Group 17","np":2,"cix":2,"bm":0,"ix":17,"mn":"ADBE Vector Group","hd":false}],"ip":0,"op":305.000012422905,"st":0,"bm":0}],"markers":[]}